<?xml version="1.0" encoding="UTF-8"?>
<GenRun Id="synth_1" LaunchPart="xc7z020clg400-1" LaunchTime="1615267564">
  <File Type="PA-TCL" Name="zybo_top.tcl"/>
  <File Type="RDS-PROPCONSTRS" Name="zybo_top_drc_synth.rpt"/>
  <File Type="REPORTS-TCL" Name="zybo_top_reports.tcl"/>
  <File Type="RDS-RDS" Name="zybo_top.vds"/>
  <File Type="RDS-UTIL" Name="zybo_top_utilization_synth.rpt"/>
  <File Type="RDS-UTIL-PB" Name="zybo_top_utilization_synth.pb"/>
  <File Type="RDS-DCP" Name="zybo_top.dcp"/>
  <File Type="VDS-TIMINGSUMMARY" Name="zybo_top_timing_summary_synth.rpt"/>
  <File Type="VDS-TIMING-PB" Name="zybo_top_timing_summary_synth.pb"/>
  <FileSet Name="sources" Type="DesignSrcs" RelSrcDir="$PSRCDIR/sources_1">
    <Filter Type="Srcs"/>
    <File Path="$PSRCDIR/sources_1/imports/FPGA/product_top.vhd">
      <FileInfo>
        <Attr Name="ImportPath" Val="$PPRDIR/../product_top.vhd"/>
        <Attr Name="ImportTime" Val="1615263201"/>
        <Attr Name="UsedIn" Val="synthesis"/>
        <Attr Name="UsedIn" Val="simulation"/>
      </FileInfo>
    </File>
    <File Path="$PSRCDIR/sources_1/imports/FPGA/zybo_glue.vhd">
      <FileInfo>
        <Attr Name="ImportPath" Val="$PPRDIR/../zybo_glue.vhd"/>
        <Attr Name="ImportTime" Val="1615266937"/>
        <Attr Name="UsedIn" Val="synthesis"/>
        <Attr Name="UsedIn" Val="simulation"/>
      </FileInfo>
    </File>
    <File Path="$PSRCDIR/sources_1/imports/FPGA/zybo_top.vhd">
      <FileInfo>
        <Attr Name="ImportPath" Val="$PPRDIR/../zybo_top.vhd"/>
        <Attr Name="ImportTime" Val="1615264321"/>
        <Attr Name="UsedIn" Val="synthesis"/>
        <Attr Name="UsedIn" Val="simulation"/>
      </FileInfo>
    </File>
    <Config>
      <Option Name="DesignMode" Val="RTL"/>
      <Option Name="TopModule" Val="zybo_top"/>
      <Option Name="TopAutoSet" Val="TRUE"/>
    </Config>
  </FileSet>
  <FileSet Name="constrs_in" Type="Constrs" RelSrcDir="$PSRCDIR/constrs_1">
    <Filter Type="Constrs"/>
    <Config>
      <Option Name="ConstrsType" Val="XDC"/>
    </Config>
  </FileSet>
  <FileSet Name="utils" Type="Utils" RelSrcDir="$PSRCDIR/utils_1">
    <Filter Type="Utils"/>
    <Config>
      <Option Name="TopAutoSet" Val="TRUE"/>
    </Config>
  </FileSet>
  <Strategy Version="1" Minor="2">
    <StratHandle Name="Vivado Synthesis Defaults" Flow="Vivado Synthesis 2019">
      <Desc>Vivado Synthesis Defaults</Desc>
    </StratHandle>
    <Step Id="synth_design"/>
  </Strategy>
  <BlockFileSet Type="BlockSrcs" Name="clk_wiz_0"/>
</GenRun>
